id,username,password,email
1,krish,krish@123,csturte0@fema.gov
2,manoj,manoj@123,tbogace1@google.com
3,charan,charan@123,agiovanetti2@tinypic.com
4,kiran,kiran@123,aarnull3@vinaora.com
5,jayesh,jayesh@123,achellam4@studiopress.com
6,mahesh,mahesh@123,mlye5@ed.gov
7,plamkin6,plamkin6@123,tlynagh6@bloglines.com
8,dblencoe7,dblencoe7@123,cwrout7@addtoany.com
9,msemaine8,msemaine8@123,mwescott8@bandcamp.com
10,rdumbelton9,rdumbelton9@123,gbrotherhood9@google.com.br
11,btrayesa,btrayesa@123,pbowlea@instagram.com
12,lsprionghallb,lsprionghallb@123,cmcnameeb@fc2.com
13,gslingsbyc,gslingsbyc@123,jpocknollc@freewebs.com
14,agroocockd,agroocockd@123,rbaversord@redcross.org
15,dkaminge,dkaminge@123,cbecrafte@topsy.com
16,bthrippf,bthrippf@123,jvedishchevf@typepad.com
17,gcolquerang,gcolquerang@123,dalyuting@barnesandnoble.com
18,hlittlekith,hlittlekith@123,kdoonicanh@wiley.com
19,medmotti,medmotti@123,misaci@utexas.edu
20,bmattusovj,bmattusovj@123,aswabeyj@hao123.com
21,mvanderweedenburgk,mvanderweedenburgk@123,khaddingtonk@rakuten.co.jp
22,owickliffel,owickliffel@123,africkl@desdev.cn
23,kbampfordm,kbampfordm@123,eseedm@360.cn
24,atoffanon,atoffanon@123,bfewkesn@marriott.com
25,cissono,cissono@123,jvianto@webmd.com
26,vpattingtonp,vpattingtonp@123,tdinniesp@mac.com
27,khastewellq,khastewellq@123,mdebruijneq@cafepress.com
28,dgreatexr,dgreatexr@123,rklimkiewichr@disqus.com
29,ccreminss,ccreminss@123,fgorstidges@domainmarket.com
30,csigmundt,csigmundt@123,jewbankst@hostgator.com
31,bhaslumu,bhaslumu@123,mnewlandsu@barnesandnoble.com
32,hblackv,hblackv@123,chumphersonv@pen.io
33,fraggittw,fraggittw@123,dmoyserw@engadget.com
34,qhuikerbyx,qhuikerbyx@123,yvequaudx@github.io
35,boddyy,boddyy@123,vburselly@cloudflare.com
36,abazyletsz,abazyletsz@123,rgiamuzzoz@is.gd
37,lduffit10,lduffit10@123,mmeech10@freewebs.com
38,tritzman11,tritzman11@123,ahasard11@house.gov
39,agailor12,agailor12@123,lavramovitz12@posterous.com
40,nferrieri13,nferrieri13@123,tperrone13@dedecms.com
41,sclutheram14,sclutheram14@123,dsiburn14@fc2.com
42,churne15,churne15@123,kvittel15@va.gov
43,jpridmore16,jpridmore16@123,nsammes16@prlog.org
44,emcculloch17,emcculloch17@123,mbraunds17@cam.ac.uk
45,kcater18,kcater18@123,tmynett18@sciencedirect.com
46,msummers19,msummers19@123,tmcgaughie19@pagesperso-orange.fr
47,vsalasar1a,vsalasar1a@123,ahumpherson1a@nature.com
48,nbreitler1b,nbreitler1b@123,lninotti1b@tinypic.com
49,aquernel1c,aquernel1c@123,hdwyr1c@tinypic.com
50,smulqueeny1d,smulqueeny1d@123,khowsan1d@umich.edu
51,isoreau1e,isoreau1e@123,lgillbe1e@dyndns.org
52,rhenmarsh1f,rhenmarsh1f@123,gelliman1f@google.co.uk
53,acockrell1g,acockrell1g@123,wvedenyapin1g@reddit.com
54,jcale1h,jcale1h@123,llyndon1h@europa.eu
55,mcausier1i,mcausier1i@123,kcuschieri1i@ted.com
56,goverton1j,goverton1j@123,ctrowill1j@guardian.co.uk
57,smussolini1k,smussolini1k@123,hsancto1k@hugedomains.com
58,cpfeifer1l,cpfeifer1l@123,bgrossman1l@google.cn
59,dcowderoy1m,dcowderoy1m@123,djessel1m@sakura.ne.jp
60,djuppe1n,djuppe1n@123,jcatonne1n@privacy.gov.au
61,rskeermer1o,rskeermer1o@123,gtuckett1o@engadget.com
62,ddimitriev1p,ddimitriev1p@123,ssamuel1p@a8.net
63,ysmallsman1q,ysmallsman1q@123,csaywood1q@ameblo.jp
64,jmckeowon1r,jmckeowon1r@123,dmcturk1r@engadget.com
65,cmoorfield1s,cmoorfield1s@123,bbevington1s@earthlink.net
66,eambrosio1t,eambrosio1t@123,afarlamb1t@digg.com
67,lwarkup1u,lwarkup1u@123,saddams1u@dagondesign.com
68,kornillos1v,kornillos1v@123,acamois1v@harvard.edu
69,jfoulks1w,jfoulks1w@123,mdibden1w@google.es
70,stakle1x,stakle1x@123,ghuyton1x@ustream.tv
71,apoacher1y,apoacher1y@123,lcrawley1y@constantcontact.com
72,sstockney1z,sstockney1z@123,jplanks1z@ftc.gov
73,mtorregiani20,mtorregiani20@123,nsilman20@shinystat.com
74,ttrahmel21,ttrahmel21@123,yfearnley21@bizjournals.com
75,bmars22,bmars22@123,dlokier22@woothemes.com
76,dlymer23,dlymer23@123,fkatz23@yandex.ru
77,emarzele24,emarzele24@123,rdowner24@tinypic.com
78,achipperfield25,achipperfield25@123,ivlasenko25@vimeo.com
79,nwoloschin26,nwoloschin26@123,celegood26@quantcast.com
80,whaggerston27,whaggerston27@123,mdodsley27@jugem.jp
81,awegman28,awegman28@123,fmathou28@amazon.com
82,rmorter29,rmorter29@123,sottawell29@people.com.cn
83,dabrahamsson2a,dabrahamsson2a@123,hbleasdille2a@hao123.com
84,gbuckston2b,gbuckston2b@123,soran2b@jiathis.com
85,atozer2c,atozer2c@123,nlansly2c@wikia.com
86,rkruszelnicki2d,rkruszelnicki2d@123,bclemetts2d@purevolume.com
87,hjehu2e,hjehu2e@123,spetworth2e@shutterfly.com
88,ccereceres2f,ccereceres2f@123,bmellody2f@feedburner.com
89,lmcgivena2g,lmcgivena2g@123,rtineman2g@adobe.com
90,iskala2h,iskala2h@123,kspeedy2h@cisco.com
91,kscarratt2i,kscarratt2i@123,adouch2i@businesswire.com
92,brennick2j,brennick2j@123,faleksankin2j@reference.com
93,jyexley2k,jyexley2k@123,trohlfs2k@is.gd
94,bboarder2l,bboarder2l@123,rpoker2l@china.com.cn
95,scheley2m,scheley2m@123,tmorson2m@nytimes.com
96,bgrigaut2n,bgrigaut2n@123,fsissot2n@mysql.com
97,mwolsey2o,mwolsey2o@123,emcanalley2o@constantcontact.com
98,isparway2p,isparway2p@123,ominchinton2p@unesco.org
99,dclancey2q,dclancey2q@123,amaior2q@unicef.org
100,ljanusz2r,ljanusz2r@123,hmacgregor2r@netscape.com
101,kbeechcraft2s,kbeechcraft2s@123,acholmondeley2s@nba.com
102,rlefridge2t,rlefridge2t@123,mfist2t@marketwatch.com
103,erankine2u,erankine2u@123,kpiquard2u@archive.org
104,chinkley2v,chinkley2v@123,smeddows2v@microsoft.com
105,vjorio2w,vjorio2w@123,fpleat2w@oakley.com
106,rnewtown2x,rnewtown2x@123,sannett2x@hibu.com
107,kdobie2y,kdobie2y@123,alanigan2y@nps.gov
108,hhampstead2z,hhampstead2z@123,cmahaddy2z@seattletimes.com
109,jclapham30,jclapham30@123,mewell30@huffingtonpost.com
110,atrayte31,atrayte31@123,ahegel31@cocolog-nifty.com
111,vlawman32,vlawman32@123,jmarczyk32@usa.gov
112,mgodding33,mgodding33@123,tdomenichelli33@opensource.org
113,mgerrelt34,mgerrelt34@123,cdantoni34@squidoo.com
114,ubalchen35,ubalchen35@123,chinksen35@psu.edu
115,rcorlett36,rcorlett36@123,ndundon36@blog.com
116,kgoodsell37,kgoodsell37@123,dguisler37@nyu.edu
117,wisson38,wisson38@123,ddast38@rediff.com
118,dspriddle39,dspriddle39@123,dpietrowski39@wikispaces.com
119,bgloves3a,bgloves3a@123,fjentin3a@businesswire.com
120,aguerrier3b,aguerrier3b@123,jgolder3b@google.de
121,ckubach3c,ckubach3c@123,flucian3c@cafepress.com
122,rpeaddie3d,rpeaddie3d@123,bspeaks3d@senate.gov
123,slappine3e,slappine3e@123,dnawton3e@usnews.com
124,mtrees3f,mtrees3f@123,bsiddeley3f@addthis.com
125,mocorren3g,mocorren3g@123,fcasella3g@cdc.gov
126,aduffree3h,aduffree3h@123,omacilhench3h@last.fm
127,schilcotte3i,schilcotte3i@123,gokeaveny3i@tinypic.com
128,tmawdsley3j,tmawdsley3j@123,jjordon3j@cbsnews.com
129,aseally3k,aseally3k@123,vokenny3k@yahoo.com
130,utamas3l,utamas3l@123,sbecconsall3l@vinaora.com
131,ejoskowicz3m,ejoskowicz3m@123,sharradine3m@wikia.com
132,akampshell3n,akampshell3n@123,bfryer3n@w3.org
133,cramsby3o,cramsby3o@123,cprater3o@uiuc.edu
134,bmillwall3p,bmillwall3p@123,lwarrell3p@bbc.co.uk
135,jhartshorne3q,jhartshorne3q@123,gsalzberger3q@instagram.com
136,oburree3r,oburree3r@123,pjzhakov3r@1688.com
137,vreinhardt3s,vreinhardt3s@123,ethowless3s@google.cn
138,fleather3t,fleather3t@123,iboyd3t@sun.com
139,hkopke3u,hkopke3u@123,apeyton3u@digg.com
140,bpulhoster3v,bpulhoster3v@123,hroff3v@alexa.com
141,cgrimme3w,cgrimme3w@123,abremen3w@cdc.gov
142,jdomanek3x,jdomanek3x@123,ecantera3x@angelfire.com
143,lmalafe3y,lmalafe3y@123,ecustance3y@nhs.uk
144,pwoodwin3z,pwoodwin3z@123,mnewbury3z@cpanel.net
145,wguilliland40,wguilliland40@123,nawin40@noaa.gov
146,shambric41,shambric41@123,hmaurice41@yellowbook.com
147,cstanden42,cstanden42@123,amatschuk42@aboutads.info
148,jblazej43,jblazej43@123,gbettles43@yolasite.com
149,pteenan44,pteenan44@123,bboorman44@mapy.cz
150,tbrumby45,tbrumby45@123,agreim45@gov.uk
151,asirey46,asirey46@123,rfilipson46@topsy.com
152,atrett47,atrett47@123,meddy47@gmpg.org
153,eprigmore48,eprigmore48@123,dgrestie48@about.com
154,dclist49,dclist49@123,hodeson49@dion.ne.jp
155,alaroze4a,alaroze4a@123,cbraunlein4a@narod.ru
156,kwillshire4b,kwillshire4b@123,dmathew4b@china.com.cn
157,pbulloch4c,pbulloch4c@123,abundey4c@google.nl
158,obruce4d,obruce4d@123,nblencowe4d@issuu.com
159,bhumfrey4e,bhumfrey4e@123,aetty4e@google.com.au
160,dinderwick4f,dinderwick4f@123,sphillot4f@bloomberg.com
161,ckleis4g,ckleis4g@123,krimour4g@friendfeed.com
162,mthurlby4h,mthurlby4h@123,lfibbitts4h@barnesandnoble.com
163,jnarraway4i,jnarraway4i@123,lphilipp4i@yahoo.com
164,tsimenot4j,tsimenot4j@123,mpalombi4j@shareasale.com
165,bstraun4k,bstraun4k@123,bduham4k@com.com
166,irumin4l,irumin4l@123,nlithcow4l@seattletimes.com
167,bkellick4m,bkellick4m@123,rheading4m@pagesperso-orange.fr
168,cstuckes4n,cstuckes4n@123,trendall4n@slideshare.net
169,lgeely4o,lgeely4o@123,mdrinnan4o@usnews.com
170,tmillsom4p,tmillsom4p@123,mwhitlow4p@berkeley.edu
171,smurrison4q,smurrison4q@123,nsharpling4q@constantcontact.com
172,jmollin4r,jmollin4r@123,mbarhims4r@infoseek.co.jp
173,bfandrich4s,bfandrich4s@123,twulfinger4s@seattletimes.com
174,bmonkhouse4t,bmonkhouse4t@123,bgoare4t@yale.edu
175,ztomadoni4u,ztomadoni4u@123,gpoile4u@hubpages.com
176,avasyukhnov4v,avasyukhnov4v@123,amulliner4v@deliciousdays.com
177,mcrux4w,mcrux4w@123,ekezar4w@pinterest.com
178,orickeard4x,orickeard4x@123,tdengel4x@twitpic.com
179,afleckness4y,afleckness4y@123,amattia4y@theguardian.com
180,hcorfield4z,hcorfield4z@123,ahaldin4z@dell.com
181,tdownham50,tdownham50@123,acrowdy50@fastcompany.com
182,evashchenko51,evashchenko51@123,aheymes51@elpais.com
183,mridulfo52,mridulfo52@123,ttaig52@is.gd
184,csidnell53,csidnell53@123,ktrude53@ezinearticles.com
185,elummasana54,elummasana54@123,damerighi54@fema.gov
186,lnorman55,lnorman55@123,jwaryk55@independent.co.uk
187,thince56,thince56@123,jmcaleese56@stanford.edu
188,tlogg57,tlogg57@123,wbartolomeo57@unicef.org
189,prantoul58,prantoul58@123,atytcomb58@nih.gov
190,ncassam59,ncassam59@123,tbertenshaw59@japanpost.jp
191,plundie5a,plundie5a@123,nickovic5a@symantec.com
192,wgreatrakes5b,wgreatrakes5b@123,mgaskell5b@hugedomains.com
193,vwitcombe5c,vwitcombe5c@123,kredmille5c@microsoft.com
194,fbascombe5d,fbascombe5d@123,dbendle5d@themeforest.net
195,vevert5e,vevert5e@123,gmerrigan5e@nymag.com
196,agoldup5f,agoldup5f@123,vshellsheere5f@nature.com
197,rswash5g,rswash5g@123,djeffes5g@vistaprint.com
198,cespinal5h,cespinal5h@123,oashwell5h@nba.com
199,hlurriman5i,hlurriman5i@123,jdallewater5i@blogtalkradio.com
200,agalway5j,agalway5j@123,hbruhnke5j@i2i.jp
201,rhilliam5k,rhilliam5k@123,ajaneway5k@shinystat.com
202,tsmooth5l,tsmooth5l@123,tyglesia5l@theatlantic.com
203,cmclevie5m,cmclevie5m@123,tmckiddin5m@nba.com
204,wgrowcott5n,wgrowcott5n@123,sstalman5n@house.gov
205,erubinek5o,erubinek5o@123,nretchless5o@twitpic.com
206,rhawksby5p,rhawksby5p@123,akolin5p@csmonitor.com
207,cserris5q,cserris5q@123,jkalberer5q@tinypic.com
208,ckapelhoff5r,ckapelhoff5r@123,omuress5r@cdbaby.com
209,fknightley5s,fknightley5s@123,jclowton5s@jigsy.com
210,shefferon5t,shefferon5t@123,bcitrine5t@delicious.com
211,rdalyiel5u,rdalyiel5u@123,cforten5u@microsoft.com
212,gkuhnert5v,gkuhnert5v@123,cstpaul5v@google.fr
213,tboarer5w,tboarer5w@123,dthraves5w@ocn.ne.jp
214,hpetyakov5x,hpetyakov5x@123,khutchins5x@cbsnews.com
215,rmattaus5y,rmattaus5y@123,anorman5y@ask.com
216,lmelesk5z,lmelesk5z@123,cconring5z@bing.com
217,jsuddick60,jsuddick60@123,rbounds60@com.com
218,rcashley61,rcashley61@123,ctheobold61@soundcloud.com
219,ystigell62,ystigell62@123,ahairesnape62@sbwire.com
220,gstitch63,gstitch63@123,bgalletley63@netvibes.com
221,gbewly64,gbewly64@123,cburgh64@usgs.gov
222,dmougin65,dmougin65@123,eswyne65@nbcnews.com
223,nmarkham66,nmarkham66@123,jmarin66@seesaa.net
224,crust67,crust67@123,lwoodings67@feedburner.com
225,kdominick68,kdominick68@123,rbrussell68@exblog.jp
226,lworsall69,lworsall69@123,sgillman69@wix.com
227,kgrunnell6a,kgrunnell6a@123,mlysaght6a@godaddy.com
228,mkirvin6b,mkirvin6b@123,mandrews6b@usda.gov
229,bbehn6c,bbehn6c@123,tthomtson6c@cbsnews.com
230,cridehalgh6d,cridehalgh6d@123,ygoskar6d@t-online.de
231,hjanaud6e,hjanaud6e@123,cmclewd6e@bizjournals.com
232,dwolver6f,dwolver6f@123,glogue6f@blinklist.com
233,relnor6g,relnor6g@123,lmallinar6g@xinhuanet.com
234,wthorbon6h,wthorbon6h@123,gnicolls6h@tripod.com
235,cgwatkins6i,cgwatkins6i@123,eniese6i@shareasale.com
236,jblumfield6j,jblumfield6j@123,awontner6j@jiathis.com
237,nside6k,nside6k@123,gitzkowicz6k@unesco.org
238,arohan6l,arohan6l@123,kcheeney6l@noaa.gov
239,sstubbings6m,sstubbings6m@123,jseyffert6m@diigo.com
240,jcluckie6n,jcluckie6n@123,sgerbel6n@github.com
241,thospital6o,thospital6o@123,hdummer6o@yandex.ru
242,ldunphy6p,ldunphy6p@123,gweighell6p@shop-pro.jp
243,krowen6q,krowen6q@123,gelton6q@so-net.ne.jp
244,agernier6r,agernier6r@123,dshire6r@tamu.edu
245,clongmaid6s,clongmaid6s@123,vedwardson6s@list-manage.com
246,jdealtry6t,jdealtry6t@123,acatley6t@si.edu
247,gbullan6u,gbullan6u@123,scroome6u@spiegel.de
248,acrayk6v,acrayk6v@123,zburrel6v@independent.co.uk
249,hcominotti6w,hcominotti6w@123,cbenardeau6w@state.gov
250,bdrews6x,bdrews6x@123,mrevill6x@vk.com
251,cmcsarry6y,cmcsarry6y@123,dbruckman6y@canalblog.com
252,zformoy6z,zformoy6z@123,omckeaney6z@cdc.gov
253,dcasemore70,dcasemore70@123,mflanner70@google.es
254,echeel71,echeel71@123,dsennett71@state.gov
255,gnudd72,gnudd72@123,mphette72@is.gd
256,tgreenside73,tgreenside73@123,cridgeway73@mediafire.com
257,hpatinkin74,hpatinkin74@123,akretchmer74@salon.com
258,mfredi75,mfredi75@123,hwaterfield75@linkedin.com
259,sweerdenburg76,sweerdenburg76@123,hgrigori76@telegraph.co.uk
260,cfinnis77,cfinnis77@123,maccombe77@unesco.org
261,cgerren78,cgerren78@123,ldemalchar78@typepad.com
262,cpickersail79,cpickersail79@123,cfarfolomeev79@jalbum.net
263,marnold7a,marnold7a@123,ttarver7a@ftc.gov
264,cswalwell7b,cswalwell7b@123,kalbon7b@delicious.com
265,jgiroldi7c,jgiroldi7c@123,nboard7c@techcrunch.com
266,mstange7d,mstange7d@123,apol7d@gmpg.org
267,npee7e,npee7e@123,marber7e@topsy.com
268,cpavett7f,cpavett7f@123,mfruin7f@samsung.com
269,bmargetts7g,bmargetts7g@123,jbebbell7g@spiegel.de
270,mpashler7h,mpashler7h@123,kdax7h@google.cn
271,blaurence7i,blaurence7i@123,astodhart7i@cbc.ca
272,mtsarovic7j,mtsarovic7j@123,vstanmore7j@google.com.hk
273,gjacmard7k,gjacmard7k@123,ewaight7k@wp.com
274,bleyburn7l,bleyburn7l@123,mredmile7l@princeton.edu
275,aedwardes7m,aedwardes7m@123,jfarress7m@dmoz.org
276,dtorr7n,dtorr7n@123,bduffell7n@washingtonpost.com
277,ndownham7o,ndownham7o@123,slorman7o@51.la
278,mostler7p,mostler7p@123,cmarking7p@apache.org
279,kjasiak7q,kjasiak7q@123,mhavile7q@wordpress.com
280,tprettjohn7r,tprettjohn7r@123,nscottesmoor7r@vk.com
281,ckisbey7s,ckisbey7s@123,msimione7s@prweb.com
282,pcollabine7t,pcollabine7t@123,smilward7t@soup.io
283,lklamp7u,lklamp7u@123,plebrom7u@yellowbook.com
284,stisun7v,stisun7v@123,nfaulkes7v@nytimes.com
285,ledson7w,ledson7w@123,jginnane7w@dyndns.org
286,sreade7x,sreade7x@123,lcrombie7x@lulu.com
287,mcesconi7y,mcesconi7y@123,gcouve7y@last.fm
288,bfiller7z,bfiller7z@123,kstearn7z@geocities.com
289,bjacox80,bjacox80@123,astquentin80@rakuten.co.jp
290,ugianotti81,ugianotti81@123,meicheler81@rakuten.co.jp
291,llengthorn82,llengthorn82@123,ntalby82@ycombinator.com
292,hcastro83,hcastro83@123,cidney83@bandcamp.com
293,fgun84,fgun84@123,jmathwin84@devhub.com
294,kreef85,kreef85@123,jgaudin85@admin.ch
295,bsancias86,bsancias86@123,kpowrie86@nytimes.com
296,rferrey87,rferrey87@123,ucorrea87@cpanel.net
297,fshaul88,fshaul88@123,dmussalli88@examiner.com
298,nroncelli89,nroncelli89@123,jdoxey89@tinypic.com
299,gjankin8a,gjankin8a@123,iburdytt8a@exblog.jp
300,tdobbyn8b,tdobbyn8b@123,aeccleshare8b@studiopress.com
301,lcops8c,lcops8c@123,gvittore8c@google.es
302,rsarfat8d,rsarfat8d@123,tcanny8d@netscape.com
303,aduffell8e,aduffell8e@123,bslaney8e@vimeo.com
304,mdollman8f,mdollman8f@123,tboate8f@facebook.com
305,hcoonan8g,hcoonan8g@123,gmacentee8g@multiply.com
306,blabrum8h,blabrum8h@123,darnaudin8h@sfgate.com
307,cpatshull8i,cpatshull8i@123,tmarland8i@howstuffworks.com
308,ody8j,ody8j@123,sspores8j@nih.gov
309,vpowter8k,vpowter8k@123,iquakley8k@last.fm
310,yerickssen8l,yerickssen8l@123,zlabarre8l@theguardian.com
311,cpyzer8m,cpyzer8m@123,jandreini8m@ucoz.com
312,peastridge8n,peastridge8n@123,krutley8n@soundcloud.com
313,aoiseau8o,aoiseau8o@123,asyms8o@digg.com
314,gmackeague8p,gmackeague8p@123,mkurdani8p@elegantthemes.com
315,spapis8q,spapis8q@123,fkippen8q@dagondesign.com
316,cshellsheere8r,cshellsheere8r@123,csirr8r@irs.gov
317,hmattock8s,hmattock8s@123,elindhe8s@digg.com
318,bgiacoppoli8t,bgiacoppoli8t@123,avynehall8t@timesonline.co.uk
319,gduffill8u,gduffill8u@123,clear8u@patch.com
320,ymayoh8v,ymayoh8v@123,toddboy8v@twitter.com
321,jtwigge8w,jtwigge8w@123,wbadger8w@vimeo.com
322,aeglington8x,aeglington8x@123,mbeernaert8x@vkontakte.ru
323,flinneman8y,flinneman8y@123,msivills8y@hud.gov
324,emerriday8z,emerriday8z@123,mfrichley8z@squidoo.com
325,bdenington90,bdenington90@123,caleksidze90@stanford.edu
326,ttodarello91,ttodarello91@123,vmcculloch91@friendfeed.com
327,anulty92,anulty92@123,aantyshev92@taobao.com
328,gedmund93,gedmund93@123,hopdenorth93@vkontakte.ru
329,msansam94,msansam94@123,dpedrol94@bloglovin.com
330,ngodman95,ngodman95@123,sbangley95@japanpost.jp
331,sdyball96,sdyball96@123,dblanket96@yellowpages.com
332,eperch97,eperch97@123,rlucia97@hatena.ne.jp
333,kdairton98,kdairton98@123,bscammonden98@sitemeter.com
334,skose99,skose99@123,hdymick99@usgs.gov
335,fluckham9a,fluckham9a@123,lmcillroy9a@digg.com
336,umantrip9b,umantrip9b@123,pmarginson9b@rakuten.co.jp
337,wrennock9c,wrennock9c@123,vhuguenet9c@list-manage.com
338,ghamper9d,ghamper9d@123,bcosty9d@nationalgeographic.com
339,cmounsie9e,cmounsie9e@123,ttingcomb9e@trellian.com
340,lanthiftle9f,lanthiftle9f@123,mbayston9f@harvard.edu
341,scurds9g,scurds9g@123,adaeth9g@scribd.com
342,iglencros9h,iglencros9h@123,rtommaseo9h@nature.com
343,llebrom9i,llebrom9i@123,tbreitler9i@newyorker.com
344,kshanley9j,kshanley9j@123,mmartinson9j@ucoz.com
345,adaskiewicz9k,adaskiewicz9k@123,epetzold9k@google.co.jp
346,jboyce9l,jboyce9l@123,gwoodberry9l@state.tx.us
347,stucknott9m,stucknott9m@123,djerdan9m@hugedomains.com
348,ckaming9n,ckaming9n@123,sflook9n@sourceforge.net
349,harstingall9o,harstingall9o@123,apaxman9o@google.nl
350,athickett9p,athickett9p@123,lswindells9p@ow.ly
351,candreaccio9q,candreaccio9q@123,ckevis9q@pinterest.com
352,dbowling9r,dbowling9r@123,rbaylay9r@goo.gl
353,sdumbare9s,sdumbare9s@123,gworner9s@ft.com
354,mlochead9t,mlochead9t@123,wdumingo9t@google.ca
355,adrewet9u,adrewet9u@123,ltinsey9u@pen.io
356,tthaller9v,tthaller9v@123,mleyborne9v@mayoclinic.com
357,dmcmurtyr9w,dmcmurtyr9w@123,agrey9w@hhs.gov
358,amowsdell9x,amowsdell9x@123,mphear9x@chronoengine.com
359,ssconce9y,ssconce9y@123,dcousin9y@shop-pro.jp
360,fcoling9z,fcoling9z@123,dvasyatkin9z@shop-pro.jp
361,ghouchena0,ghouchena0@123,ijakubovicza0@ovh.net
362,lrommea1,lrommea1@123,fcattlemulla1@4shared.com
363,sfleetwooda2,sfleetwooda2@123,mtiversa2@soup.io
364,abestwalla3,abestwalla3@123,vserjenta3@devhub.com
365,ppoltuna4,ppoltuna4@123,mbuglara4@histats.com
366,faspya5,faspya5@123,bsuetta5@sogou.com
367,amoloneya6,amoloneya6@123,spumphreysa6@edublogs.org
368,vminchella7,vminchella7@123,klaidlowa7@elpais.com
369,hperina8,hperina8@123,cdilliwaya8@mozilla.com
370,rdunlopa9,rdunlopa9@123,rmckirdya9@miitbeian.gov.cn
371,kwhitesonaa,kwhitesonaa@123,coquirkaa@usatoday.com
372,lwaldenab,lwaldenab@123,wlougheidab@fema.gov
373,gdalesac,gdalesac@123,mmutimerac@miitbeian.gov.cn
374,atrenemanad,atrenemanad@123,amcdermottad@china.com.cn
375,bjouanetae,bjouanetae@123,mgwinnellae@liveinternet.ru
376,estandbridgeaf,estandbridgeaf@123,kbrahamaf@de.vu
377,slapreag,slapreag@123,cludlowag@cbc.ca
378,lbraganzaah,lbraganzaah@123,pbrockhurstah@businessinsider.com
379,bskitteralai,bskitteralai@123,pgiacaponiai@chron.com
380,vheissaj,vheissaj@123,bdedrickaj@bandcamp.com
381,jbeswellak,jbeswellak@123,bclaytonak@dailymail.co.uk
382,ilanfereal,ilanfereal@123,hbellasal@list-manage.com
383,roakwellam,roakwellam@123,tdungayam@google.es
384,bcotterillan,bcotterillan@123,mlavensan@hostgator.com
385,rclouteao,rclouteao@123,abeadeao@tamu.edu
386,vvigrassap,vvigrassap@123,jmcsporonap@oaic.gov.au
387,gmagennyaq,gmagennyaq@123,rmichieaq@sfgate.com
388,agritskovar,agritskovar@123,mpreshoar@slashdot.org
389,bcarisas,bcarisas@123,smalinowskias@bloglines.com
390,mstrevensat,mstrevensat@123,rgilliat@networksolutions.com
391,sbomfieldau,sbomfieldau@123,ppolgreenau@weibo.com
392,dclementelav,dclementelav@123,aglamartav@furl.net
393,criseleyaw,criseleyaw@123,pcianniaw@linkedin.com
394,fguentherax,fguentherax@123,agariffax@ucoz.com
395,bfolkeray,bfolkeray@123,fblackaderay@examiner.com
396,cmoggachaz,cmoggachaz@123,gpinkertonaz@google.co.jp
397,jcurnnokkb0,jcurnnokkb0@123,jgaisfordb0@wunderground.com
398,lmcmarquisb1,lmcmarquisb1@123,igilliatb1@twitter.com
399,dschankelborgb2,dschankelborgb2@123,dtummonsb2@disqus.com
400,ptrevaskusb3,ptrevaskusb3@123,mlarrowayb3@ted.com
401,mitzaksonb4,mitzaksonb4@123,hcouthb4@thetimes.co.uk
402,ashillitob5,ashillitob5@123,sboullerb5@slideshare.net
403,bmetcalfb6,bmetcalfb6@123,mgoatmanb6@aol.com
404,nrobkerb7,nrobkerb7@123,dworvellb7@pbs.org
405,ssnelmanb8,ssnelmanb8@123,kyusupovb8@noaa.gov
406,kfairfootb9,kfairfootb9@123,bhulkeb9@state.tx.us
407,imargarsonba,imargarsonba@123,hdowreyba@webmd.com
408,vrenisonbb,vrenisonbb@123,hskyrmebb@thetimes.co.uk
409,wantonognolibc,wantonognolibc@123,anobesbc@china.com.cn
410,wherionbd,wherionbd@123,jwillerstonebd@opera.com
411,wandrzejowskibe,wandrzejowskibe@123,hclorleybe@unicef.org
412,apressleebf,apressleebf@123,dgimletbf@addthis.com
413,hobruenbg,hobruenbg@123,nbishellbg@amazon.co.jp
414,sbroxtonbh,sbroxtonbh@123,rolivebh@ameblo.jp
415,gfalcusbi,gfalcusbi@123,lkinglakebi@moonfruit.com
416,jstainbridgebj,jstainbridgebj@123,vmullordbj@storify.com
417,eabrehartbk,eabrehartbk@123,mbrannobk@blinklist.com
418,nkleinertbl,nkleinertbl@123,cemlochbl@answers.com
419,dhankinbm,dhankinbm@123,awelbeckbm@goo.ne.jp
420,fkennerknechtbn,fkennerknechtbn@123,jforcadebn@accuweather.com
421,hbeldenbo,hbeldenbo@123,ycalcuttbo@skyrock.com
422,bilyinskibp,bilyinskibp@123,cbrotherhedbp@hc360.com
423,noriordanbq,noriordanbq@123,ebrownseybq@prnewswire.com
424,dbeininckbr,dbeininckbr@123,jbinnebr@nba.com
425,jmannoochbs,jmannoochbs@123,acicceralebs@discuz.net
426,pkleiselbt,pkleiselbt@123,bmaleneybt@tumblr.com
427,xhowesbu,xhowesbu@123,dsnaddinbu@sciencedirect.com
428,bsherbrookebv,bsherbrookebv@123,bmcdonaldbv@a8.net
429,mpoulsumbw,mpoulsumbw@123,smacritchiebw@wix.com
430,eloudianebx,eloudianebx@123,rhalledaybx@instagram.com
431,rpenkmanby,rpenkmanby@123,nyankinby@angelfire.com
432,rbevesbz,rbevesbz@123,rezzlebz@amazonaws.com
433,rfranzkec0,rfranzkec0@123,bsellerc0@myspace.com
434,sgalvinc1,sgalvinc1@123,akingabyc1@wisc.edu
435,etaconc2,etaconc2@123,bphilipotc2@boston.com
436,omurneyc3,omurneyc3@123,cpendlingtonc3@moonfruit.com
437,cpassfieldc4,cpassfieldc4@123,spurlec4@dedecms.com
438,bholdallc5,bholdallc5@123,ebewlayc5@rambler.ru
439,slangeleyc6,slangeleyc6@123,btremmelc6@alibaba.com
440,msinkc7,msinkc7@123,eiacovazzic7@google.es
441,cguddec8,cguddec8@123,domohunc8@wikispaces.com
442,selvenc9,selvenc9@123,rbroosec9@cnn.com
443,ajumpca,ajumpca@123,vaireyca@cam.ac.uk
444,drivittcb,drivittcb@123,tzemlercb@goo.ne.jp
445,cmchalecc,cmchalecc@123,cnoarcc@vinaora.com
446,nskeacd,nskeacd@123,psalliercd@csmonitor.com
447,tgoublierce,tgoublierce@123,bhurkettce@guardian.co.uk
448,fhalletcf,fhalletcf@123,jharkinscf@smugmug.com
449,bchilderscg,bchilderscg@123,dmatteonicg@prnewswire.com
450,ssowerbuttsch,ssowerbuttsch@123,gkeavesch@bluehost.com
451,ewhittlesci,ewhittlesci@123,wstebbinci@bloglovin.com
452,fdanzigcj,fdanzigcj@123,ccastellanoscj@ycombinator.com
453,mhuntingck,mhuntingck@123,dvibertck@cnbc.com
454,rghiottocl,rghiottocl@123,ogreddencl@jigsy.com
455,tvanhallecm,tvanhallecm@123,rdabrowskicm@jigsy.com
456,rkeuntjecn,rkeuntjecn@123,tlankhamcn@weibo.com
457,ddobellco,ddobellco@123,bschreico@stanford.edu
458,bcollyearcp,bcollyearcp@123,lbaloguncp@t.co
459,ashoppeecq,ashoppeecq@123,csafecq@hp.com
460,sweddellcr,sweddellcr@123,egatelycr@flickr.com
461,lbotgercs,lbotgercs@123,pkingscs@imgur.com
462,mpitbladdoct,mpitbladdoct@123,dmoizerct@newsvine.com
463,odachscu,odachscu@123,awickendoncu@youku.com
464,eviggarscv,eviggarscv@123,hrobkercv@wordpress.com
465,atrundlercw,atrundlercw@123,fchaddertoncw@creativecommons.org
466,dhaggithcx,dhaggithcx@123,cwolferscx@gov.uk
467,pfrancombecy,pfrancombecy@123,velhamcy@soundcloud.com
468,ycrosdillcz,ycrosdillcz@123,bcrinkleycz@wired.com
469,gbellayd0,gbellayd0@123,mbecomd0@ebay.com
470,ksparkd1,ksparkd1@123,dillidged1@engadget.com
471,abisterd2,abisterd2@123,kargyled2@51.la
472,msummerhayesd3,msummerhayesd3@123,rwortersd3@dropbox.com
473,rdonetd4,rdonetd4@123,swhiffend4@zdnet.com
474,dmaiseyd5,dmaiseyd5@123,bbrandassid5@forbes.com
475,amacdougald6,amacdougald6@123,shouseagod6@howstuffworks.com
476,tivanind7,tivanind7@123,wwildord7@istockphoto.com
477,hklimentd8,hklimentd8@123,bfitzhenryd8@webs.com
478,mpetegrewd9,mpetegrewd9@123,dchitsond9@rambler.ru
479,jbedissda,jbedissda@123,mbrinsfordda@yale.edu
480,rdockertydb,rdockertydb@123,nromanddb@sciencedirect.com
481,hdroghandc,hdroghandc@123,jkisbeydc@issuu.com
482,prodenhurstdd,prodenhurstdd@123,mmcwhanneldd@abc.net.au
483,lmoberleyde,lmoberleyde@123,esidede@webmd.com
484,ttourotdf,ttourotdf@123,apervoedf@spotify.com
485,nliliondg,nliliondg@123,tshobbrookdg@amazon.de
486,lrawstrondh,lrawstrondh@123,bgoodingdh@topsy.com
487,mpelhamdi,mpelhamdi@123,squiltydi@flickr.com
488,aelcydj,aelcydj@123,smartendj@lulu.com
489,rmugglestonedk,rmugglestonedk@123,alamortdk@intel.com
490,rwedgedl,rwedgedl@123,lupfolddl@cdbaby.com
491,gshaydm,gshaydm@123,gyeldondm@alexa.com
492,ccherriedn,ccherriedn@123,shanburydn@rakuten.co.jp
493,glaisedo,glaisedo@123,mthriftdo@youtu.be
494,mgertraydp,mgertraydp@123,jwhileydp@homestead.com
495,wrawlisondq,wrawlisondq@123,jliveseydq@soundcloud.com
496,mlilloedr,mlilloedr@123,alambshinedr@dyndns.org
497,jbrashawds,jbrashawds@123,ckamenards@fda.gov
498,rprattedt,rprattedt@123,jlargentdt@amazon.com
499,wdudmandu,wdudmandu@123,lherchedu@utexas.edu
500,edavidovitsdv,edavidovitsdv@123,hknyvettdv@mail.ru
501,ccondliffedw,ccondliffedw@123,ggummdw@jigsy.com
502,bboxedx,bboxedx@123,jkinnendx@google.cn
503,jklesldy,jklesldy@123,jbrentdy@omniture.com
504,rswinbournedz,rswinbournedz@123,plegricedz@amazon.co.uk
505,cfrancae0,cfrancae0@123,jdurante0@123-reg.co.uk
506,ripsgravee1,ripsgravee1@123,lellerye1@china.com.cn
507,aminstere2,aminstere2@123,eangeare2@discuz.net
508,wbraistede3,wbraistede3@123,rbaudye3@bing.com
509,tderrye4,tderrye4@123,agoggine4@shutterfly.com
510,gfarringtone5,gfarringtone5@123,mhallibertone5@drupal.org
511,bfernante6,bfernante6@123,tshotboultee6@dyndns.org
512,skagane7,skagane7@123,msuccamoree7@cbsnews.com
513,palbrooke8,palbrooke8@123,mcomollie8@theglobeandmail.com
514,nvoffe9,nvoffe9@123,bkalewee9@surveymonkey.com
515,lparfettea,lparfettea@123,csagrottea@hexun.com
516,fwatereb,fwatereb@123,bcowerneb@stumbleupon.com
517,kmcwhirterec,kmcwhirterec@123,dbagwellec@zdnet.com
518,lsheildsed,lsheildsed@123,cadeyed@sun.com
519,sgetleyee,sgetleyee@123,mpairpointee@istockphoto.com
520,jspauntonef,jspauntonef@123,bfillisef@photobucket.com
521,zboyntoneg,zboyntoneg@123,ablackwayeg@jalbum.net
522,abealeseh,abealeseh@123,acamockeeh@simplemachines.org
523,jlawrensonei,jlawrensonei@123,nspeddingei@paypal.com
524,dmarquissej,dmarquissej@123,bdowdamej@wordpress.com
525,melhamek,melhamek@123,bmacclanceyek@foxnews.com
526,sbeadnallel,sbeadnallel@123,jkettleyel@google.ru
527,hpottieem,hpottieem@123,dbirchillem@hud.gov
528,btaillen,btaillen@123,pkigelmanen@wordpress.com
529,dcoldhameo,dcoldhameo@123,mshoobridgeeo@economist.com
530,hphonixep,hphonixep@123,dmatterfaceep@telegraph.co.uk
531,rgoodersoneq,rgoodersoneq@123,lbirchalleq@freewebs.com
532,smessinghamer,smessinghamer@123,cpassyer@homestead.com
533,ldodimeades,ldodimeades@123,ophillimorees@cargocollective.com
534,fpenhaleuracket,fpenhaleuracket@123,mcookeset@vk.com
535,knormanvelleu,knormanvelleu@123,sciciottieu@parallels.com
536,jhensev,jhensev@123,mtrundlerev@tripadvisor.com
537,jedgarsew,jedgarsew@123,fpulbrookew@rediff.com
538,dgumnex,dgumnex@123,ayushkovex@cnn.com
539,nstuartey,nstuartey@123,maddeyey@redcross.org
540,mantoshinez,mantoshinez@123,hdegoeez@ask.com
541,frenneyf0,frenneyf0@123,gtrenearf0@bing.com
542,hharlef1,hharlef1@123,ccoyishf1@nps.gov
543,eedgcombef2,eedgcombef2@123,cdagnallf2@jalbum.net
544,bskydallf3,bskydallf3@123,socarranf3@netscape.com
545,rshubothamf4,rshubothamf4@123,gchalfainf4@newsvine.com
546,brittmeyerf5,brittmeyerf5@123,dbickerf5@zimbio.com
547,tharrowerf6,tharrowerf6@123,epoundfordf6@plala.or.jp
548,pskupinskif7,pskupinskif7@123,ncoolbearf7@gov.uk
549,apyfordf8,apyfordf8@123,dhemmsf8@theguardian.com
550,czavatterof9,czavatterof9@123,krojasf9@go.com
551,jswinglehurstfa,jswinglehurstfa@123,sbardellfa@fotki.com
552,filottfb,filottfb@123,athewfb@xing.com
553,wklimovfc,wklimovfc@123,cgarveyfc@clickbank.net
554,oramalhofd,oramalhofd@123,bcurrierfd@plala.or.jp
555,eskillicornfe,eskillicornfe@123,mtrahearnfe@craigslist.org
556,nsinnatff,nsinnatff@123,johernff@flavors.me
557,ataggfg,ataggfg@123,aangrickfg@infoseek.co.jp
558,amacefh,amacefh@123,wbaudouinfh@jiathis.com
559,rcottafi,rcottafi@123,fmcalisterfi@cbsnews.com
560,mdytefj,mdytefj@123,acobdenfj@icq.com
561,plantryfk,plantryfk@123,larnollfk@mozilla.com
562,bcodefl,bcodefl@123,jreisensteinfl@over-blog.com
563,ageneryfm,ageneryfm@123,rstuckleyfm@mediafire.com
564,ldegogayfn,ldegogayfn@123,mpascowfn@twitter.com
565,karonsonfo,karonsonfo@123,kkoppenfo@multiply.com
566,jgniewoszfp,jgniewoszfp@123,akordasfp@e-recht24.de
567,eantonettifq,eantonettifq@123,egommowefq@columbia.edu
568,jjestfr,jjestfr@123,lwhichelowfr@house.gov
569,aboomesfs,aboomesfs@123,rglassonfs@boston.com
570,etwidaleft,etwidaleft@123,gstoneleyft@scribd.com
571,jstannerfu,jstannerfu@123,jglossupfu@google.com
572,igateshillfv,igateshillfv@123,mkennetfv@dedecms.com
573,lsloweyfw,lsloweyfw@123,kwigginsfw@washingtonpost.com
574,cmcterryfx,cmcterryfx@123,msorrillfx@cam.ac.uk
575,swicklinfy,swicklinfy@123,hpienfy@paypal.com
576,lnehlsenfz,lnehlsenfz@123,gpasseyfz@theglobeandmail.com
577,rteapeg0,rteapeg0@123,aschadeg0@eventbrite.com
578,jdimitrug1,jdimitrug1@123,vantoniettig1@google.de
579,cmansfordg2,cmansfordg2@123,ygwilliamg2@diigo.com
580,mgalfourg3,mgalfourg3@123,bredborng3@linkedin.com
581,tgorriesseng4,tgorriesseng4@123,jgierckg4@abc.net.au
582,vcarlucciog5,vcarlucciog5@123,norisg5@fotki.com
583,fgibbiesong6,fgibbiesong6@123,gfillaryg6@loc.gov
584,cfloatg7,cfloatg7@123,fkenyong7@sciencedirect.com
585,hlivezleyg8,hlivezleyg8@123,mwaisg8@home.pl
586,sjekyllg9,sjekyllg9@123,jschelligg9@cloudflare.com
587,bkalinowskyga,bkalinowskyga@123,gduffetga@ed.gov
588,pmortelgb,pmortelgb@123,mblackbourngb@tmall.com
589,ahawsongc,ahawsongc@123,btreasadengc@wikia.com
590,espringhamgd,espringhamgd@123,vpalagd@discuz.net
591,vhubblege,vhubblege@123,bmarkiege@creativecommons.org
592,gedelmangf,gedelmangf@123,bphizackarleygf@jimdo.com
593,tswatongg,tswatongg@123,ymatejovskygg@merriam-webster.com
594,hconneaugh,hconneaugh@123,ljudkinsgh@live.com
595,fstaintongi,fstaintongi@123,sbrimilcombegi@netlog.com
596,kswallowgj,kswallowgj@123,ghegggj@spotify.com
597,mtwitchingsgk,mtwitchingsgk@123,mtrangk@pbs.org
598,kkilbangl,kkilbangl@123,dhanabygl@irs.gov
599,dgatherellgm,dgatherellgm@123,dhardangm@va.gov
600,pcotterrillgn,pcotterrillgn@123,gmoehlergn@hao123.com
601,lcollecottgo,lcollecottgo@123,iparcellsgo@tripadvisor.com
602,hcourvertgp,hcourvertgp@123,hpedrielligp@tuttocitta.it
603,owalchergq,owalchergq@123,lboullengq@amazon.co.uk
604,rpuxleygr,rpuxleygr@123,aancliffgr@wp.com
605,dmobleygs,dmobleygs@123,ckabosgs@ucla.edu
606,epartlettgt,epartlettgt@123,pwardelgt@sphinn.com
607,hbrummellgu,hbrummellgu@123,mjimegu@npr.org
608,rlarcieregv,rlarcieregv@123,nbleasdillegv@noaa.gov
609,cculpingw,cculpingw@123,alennoxgw@rambler.ru
610,rmcgeffengx,rmcgeffengx@123,pfeavearyeargx@wired.com
611,bsimonsongy,bsimonsongy@123,revansgy@usa.gov
612,clarkinsgz,clarkinsgz@123,moduggangz@altervista.org
613,crayworthh0,crayworthh0@123,lvautierh0@wikia.com
614,draisonh1,draisonh1@123,jhaszardh1@ning.com
615,emcmurrughh2,emcmurrughh2@123,vkobierskih2@ezinearticles.com
616,lstricklerh3,lstricklerh3@123,jpoznanh3@buzzfeed.com
617,cgarroodh4,cgarroodh4@123,credh4@163.com
618,dleclaireh5,dleclaireh5@123,awittyh5@list-manage.com
619,mosculleyh6,mosculleyh6@123,deddenh6@salon.com
620,rvaughanh7,rvaughanh7@123,mmaddinonh7@narod.ru
621,cphilpaulth8,cphilpaulth8@123,nmatelyunash8@shinystat.com
622,conowlanh9,conowlanh9@123,rcraxfordh9@joomla.org
623,cellertonha,cellertonha@123,gduinbletonha@com.com
624,ktewkesburyhb,ktewkesburyhb@123,dromandhb@twitpic.com
625,pdmtrovichc,pdmtrovichc@123,kmcnesshc@skyrock.com
626,bbunnyhd,bbunnyhd@123,diddendenhd@umn.edu
627,fmcnellyhe,fmcnellyhe@123,lrawsthornehe@economist.com
628,gquartlyhf,gquartlyhf@123,zhardbattlehf@umn.edu
629,tdrummondhg,tdrummondhg@123,msteelshg@about.com
630,bmaclainehh,bmaclainehh@123,gphilimorehh@umich.edu
631,koldmeadowhi,koldmeadowhi@123,ldomekhi@elpais.com
632,patkinsonhj,patkinsonhj@123,autteridgehj@php.net
633,gmaffinhk,gmaffinhk@123,csewarthk@examiner.com
634,wcatterallhl,wcatterallhl@123,nlowlesshl@w3.org
635,cleijshm,cleijshm@123,fguittonhm@last.fm
636,jpoppletonhn,jpoppletonhn@123,cwhettletonhn@nps.gov
637,vwaterhowseho,vwaterhowseho@123,blethieulierho@blogtalkradio.com
638,vmiebeshp,vmiebeshp@123,dseelbachhp@posterous.com
639,brosenbaumhq,brosenbaumhq@123,pdaveleyhq@blog.com
640,caxlebyhr,caxlebyhr@123,hjahanhr@nationalgeographic.com
641,ctraylenhs,ctraylenhs@123,mbelcherhs@usatoday.com
642,amushaweht,amushaweht@123,vdelacourtht@boston.com
643,cbridgerhu,cbridgerhu@123,mbarckhu@wikimedia.org
644,ayarkerhv,ayarkerhv@123,sbowenhv@huffingtonpost.com
645,mdoughtyhw,mdoughtyhw@123,emaccostyhw@wiley.com
646,ekemmerhx,ekemmerhx@123,lghidettihx@pbs.org
647,hqueyeirohy,hqueyeirohy@123,owaistallhy@etsy.com
648,mscrowstonhz,mscrowstonhz@123,scordlehz@usda.gov
649,ebolgeri0,ebolgeri0@123,dmasseri0@ucsd.edu
650,ecrosthwaitei1,ecrosthwaitei1@123,abilloi1@latimes.com
651,pgrestyi2,pgrestyi2@123,geelesi2@moonfruit.com
652,triddingi3,triddingi3@123,nkreutzeri3@google.com.au
653,mbroadisi4,mbroadisi4@123,bkoscheki4@walmart.com
654,amerrydewi5,amerrydewi5@123,tbenyoni5@istockphoto.com
655,akilleleyi6,akilleleyi6@123,bbocki6@google.ru
656,wmclanaghani7,wmclanaghani7@123,ecroydeni7@constantcontact.com
657,rbrownselli8,rbrownselli8@123,bswettenhami8@sciencedaily.com
658,gcolloughi9,gcolloughi9@123,nsarchwelli9@123-reg.co.uk
659,rcalcuttia,rcalcuttia@123,cprofitia@intel.com
660,rmalitrottib,rmalitrottib@123,rdoultonib@squidoo.com
661,mgogginsic,mgogginsic@123,dkershowic@miitbeian.gov.cn
662,otersayid,otersayid@123,mpittoliid@jiathis.com
663,rcrookallie,rcrookallie@123,gkinnarie@yelp.com
664,lfranckeif,lfranckeif@123,mrosoniif@gmpg.org
665,bscoatesig,bscoatesig@123,eleslieig@apache.org
666,lhacardih,lhacardih@123,dlinayih@ask.com
667,tgumbii,tgumbii@123,pgraalmanii@sakura.ne.jp
668,tsemmensij,tsemmensij@123,ibreezeij@i2i.jp
669,mgommik,mgommik@123,amasedonik@globo.com
670,lyaldenil,lyaldenil@123,ctimblettil@google.ca
671,zhughmanim,zhughmanim@123,spinnockeim@surveymonkey.com
672,ptartin,ptartin@123,dfitchettin@feedburner.com
673,kbreenio,kbreenio@123,sidelio@devhub.com
674,calessandrettiip,calessandrettiip@123,hnairnsip@dailymotion.com
675,ccovendoniq,ccovendoniq@123,fmilroyiq@goo.ne.jp
676,mdecourcyir,mdecourcyir@123,bwiddallir@weather.com
677,njouanetonis,njouanetonis@123,kwhissonis@nymag.com
678,mwatkissit,mwatkissit@123,sswanwickit@clickbank.net
679,hfyfieldiu,hfyfieldiu@123,rpeschkaiu@cocolog-nifty.com
680,kwasliniv,kwasliniv@123,jwoolbrookiv@t.co
681,cmacneillieiw,cmacneillieiw@123,hchokeiw@freewebs.com
682,cassinderix,cassinderix@123,mgoldinix@chronoengine.com
683,alenihaniy,alenihaniy@123,lsallingeriy@eepurl.com
684,wmilhenchiz,wmilhenchiz@123,tgodartiz@sakura.ne.jp
685,sdrewj0,sdrewj0@123,eslocombej0@craigslist.org
686,rtilmouthj1,rtilmouthj1@123,mleganj1@yandex.ru
687,lrennerj2,lrennerj2@123,ecollmanj2@amazon.co.jp
688,rivimyj3,rivimyj3@123,plabastidaj3@europa.eu
689,dgrecej4,dgrecej4@123,gilettj4@bloglines.com
690,ecovendonj5,ecovendonj5@123,msegerj5@zimbio.com
691,lscaleraj6,lscaleraj6@123,ehuxleyj6@latimes.com
692,lsymesj7,lsymesj7@123,apridmorej7@bloglines.com
693,jknightleyj8,jknightleyj8@123,brichardeauj8@mapquest.com
694,bwhelanj9,bwhelanj9@123,kkeggj9@sbwire.com
695,sclinkardja,sclinkardja@123,eonolandja@psu.edu
696,cbygrovejb,cbygrovejb@123,jstammerjb@psu.edu
697,ppatekjc,ppatekjc@123,mingryjc@intel.com
698,krookesbyjd,krookesbyjd@123,jtegginjd@netlog.com
699,bdumphreysje,bdumphreysje@123,gthalmannje@howstuffworks.com
700,btschiraschejf,btschiraschejf@123,shavelinejf@cornell.edu
701,pkopfenjg,pkopfenjg@123,malpsjg@slate.com
702,rjudenjh,rjudenjh@123,lothickjh@phoca.cz
703,abollandji,abollandji@123,lveltmannji@miitbeian.gov.cn
704,mcorneliussenjj,mcorneliussenjj@123,cscrigmourjj@dailymotion.com
705,ghurryjk,ghurryjk@123,sgarronjk@smh.com.au
706,fpeirazzijl,fpeirazzijl@123,jreddeljl@yellowbook.com
707,edraysonjm,edraysonjm@123,charrowayjm@whitehouse.gov
708,hhorningjn,hhorningjn@123,gmcjerrowjn@wordpress.org
709,vdudleyjo,vdudleyjo@123,cedonjo@prweb.com
710,ccarrickjp,ccarrickjp@123,mkymejp@360.cn
711,gtippertonjq,gtippertonjq@123,vschenkeljq@smh.com.au
712,ldykejr,ldykejr@123,troejr@cocolog-nifty.com
713,cdominguesjs,cdominguesjs@123,oglyssannejs@marriott.com
714,nboshelljt,nboshelljt@123,bhixleyjt@narod.ru
715,jclaasenju,jclaasenju@123,lmcalpinju@europa.eu
716,lpettitjv,lpettitjv@123,cramalhojv@thetimes.co.uk
717,hbedlingtonjw,hbedlingtonjw@123,rembletonjw@sogou.com
718,mfishleighjx,mfishleighjx@123,relionjx@aol.com
719,sarborjy,sarborjy@123,efludderjy@accuweather.com
720,davrahmjz,davrahmjz@123,bmcconwayjz@paypal.com
721,dverrillk0,dverrillk0@123,nwisniewskik0@nbcnews.com
722,khaugerk1,khaugerk1@123,evassayk1@ebay.com
723,pchingk2,pchingk2@123,tbenoeyk2@tiny.cc
724,hpolendinek3,hpolendinek3@123,spriddiek3@example.com
725,tmandrakek4,tmandrakek4@123,mmoralask4@wufoo.com
726,mmumbyk5,mmumbyk5@123,aheadank5@photobucket.com
727,wtuckettk6,wtuckettk6@123,rrossk6@hatena.ne.jp
728,rzmitrovichk7,rzmitrovichk7@123,dhanshawk7@acquirethisname.com
729,astittlek8,astittlek8@123,omontillak8@skyrock.com
730,dfitzackerleyk9,dfitzackerleyk9@123,jschistlk9@mtv.com
731,fdenmeadka,fdenmeadka@123,ktupperka@creativecommons.org
732,azaniolinikb,azaniolinikb@123,amackilroekb@360.cn
733,bkernaghankc,bkernaghankc@123,gmayowkc@nasa.gov
734,kglendenningkd,kglendenningkd@123,yredhollskd@omniture.com
735,jlukehurstke,jlukehurstke@123,asonnerke@fotki.com
736,bbendixkf,bbendixkf@123,mfeatherbiekf@dot.gov
737,dmorenakg,dmorenakg@123,dnorwichkg@baidu.com
738,cdurtnellkh,cdurtnellkh@123,tclendennenkh@reddit.com
739,kbeverstockki,kbeverstockki@123,vfallenski@fc2.com
740,ffroomekj,ffroomekj@123,ecaldeyrouxkj@jigsy.com
741,astoditkk,astoditkk@123,okingzetkk@jigsy.com
742,asmithendkl,asmithendkl@123,ebarthodkl@fda.gov
743,rcounsellkm,rcounsellkm@123,ahuntingtonkm@psu.edu
744,edilowaykn,edilowaykn@123,lmcdermottkn@archive.org
745,lskeeneko,lskeeneko@123,hlashmoreko@salon.com
746,sdestouchekp,sdestouchekp@123,mliverseegekp@nps.gov
747,cmagisterkq,cmagisterkq@123,rjaraykq@unc.edu
748,aferierkr,aferierkr@123,eminchintonkr@admin.ch
749,ltrulockks,ltrulockks@123,ngrenfellks@yahoo.co.jp
750,rpatriakt,rpatriakt@123,blenoirkt@ezinearticles.com
751,eshoremanku,eshoremanku@123,whastyku@forbes.com
752,ufrangellokv,ufrangellokv@123,glogesdalekv@upenn.edu
753,fbransonkw,fbransonkw@123,bkikkw@spotify.com
754,tlydiatekx,tlydiatekx@123,bkobeskx@theguardian.com
755,tcoventonky,tcoventonky@123,propckeky@typepad.com
756,cporteouskz,cporteouskz@123,aingledewkz@feedburner.com
757,eblackfordl0,eblackfordl0@123,khindenburgl0@hexun.com
758,kdunstonel1,kdunstonel1@123,othridgouldl1@blogtalkradio.com
759,kwaslinl2,kwaslinl2@123,shassettl2@sphinn.com
760,ctrinerl3,ctrinerl3@123,mbiffenl3@opera.com
761,cheismanl4,cheismanl4@123,gnorreel4@list-manage.com
762,fjeppersonl5,fjeppersonl5@123,dtitcoml5@shareasale.com
763,lriseleyl6,lriseleyl6@123,phansburyl6@imageshack.us
764,mgriggl7,mgriggl7@123,mcareswelll7@google.com.au
765,plamblel8,plamblel8@123,nmudlel8@va.gov
766,msillel9,msillel9@123,cmcwardl9@stanford.edu
767,cwassonla,cwassonla@123,pgecksla@gravatar.com
768,nhuguetlb,nhuguetlb@123,unotolb@about.me
769,tjealouslc,tjealouslc@123,aalldrelc@shop-pro.jp
770,gmcquodeld,gmcquodeld@123,adownld@pen.io
771,pwindousle,pwindousle@123,rportrissle@sbwire.com
772,bstoveslf,bstoveslf@123,ndennehylf@pbs.org
773,vmiddletonlg,vmiddletonlg@123,mrapkinslg@taobao.com
774,mhoylh,mhoylh@123,kbrislenlh@weather.com
775,aedsellli,aedsellli@123,sbattingli@youtu.be
776,ssimanlj,ssimanlj@123,nclaxtonlj@fc2.com
777,mrubielk,mrubielk@123,jstainsbylk@army.mil
778,ypurdonll,ypurdonll@123,sspeerll@ca.gov
779,tmaccostolm,tmaccostolm@123,dvernaylm@oaic.gov.au
780,aogbourneln,aogbourneln@123,kmarietonln@economist.com
781,cginnalylo,cginnalylo@123,klevanelo@irs.gov
782,emetschkelp,emetschkelp@123,lclynelp@dmoz.org
783,dkolczynskilq,dkolczynskilq@123,ejanjuseviclq@photobucket.com
784,agonnellylr,agonnellylr@123,sbrushfieldlr@examiner.com
785,tduddinls,tduddinls@123,wwhittekls@ovh.net
786,cparmeterlt,cparmeterlt@123,jwhateslt@toplist.cz
787,hbodlelu,hbodlelu@123,awalshawlu@a8.net
788,bshiltonlv,bshiltonlv@123,mfarreylv@bbc.co.uk
789,bvoaselw,bvoaselw@123,mlancashirelw@tiny.cc
790,vbedwelllx,vbedwelllx@123,rdoonelx@patch.com
791,mbiffinly,mbiffinly@123,hlanninly@admin.ch
792,larmfirldlz,larmfirldlz@123,dbowkerlz@lycos.com
793,bpratonm0,bpratonm0@123,nyukhninm0@mail.ru
794,gfranzinim1,gfranzinim1@123,aboyetm1@last.fm
795,kmulryanm2,kmulryanm2@123,dmcallisterm2@w3.org
796,lbenettolom3,lbenettolom3@123,fspillerm3@cisco.com
797,jredshawm4,jredshawm4@123,sraubenheimersm4@vistaprint.com
798,ichessmanm5,ichessmanm5@123,smignotm5@fc2.com
799,jperigoem6,jperigoem6@123,rbeckenhamm6@washington.edu
800,bdowningm7,bdowningm7@123,rbraddockm7@newyorker.com
801,pkehrim8,pkehrim8@123,akhominm8@wikipedia.org
802,csaywardm9,csaywardm9@123,nupchurchm9@mapquest.com
803,yahlfma,yahlfma@123,bscollima@mozilla.com
804,lmarranmb,lmarranmb@123,ckunatmb@smh.com.au
805,vgrabenmc,vgrabenmc@123,gstreetermc@berkeley.edu
806,jsutemd,jsutemd@123,jfinicjmd@netvibes.com
807,aortigerme,aortigerme@123,cgantzme@nba.com
808,astantonmf,astantonmf@123,rriddelmf@timesonline.co.uk
809,tbentsenmg,tbentsenmg@123,sbridgemanmg@wikimedia.org
810,chakemh,chakemh@123,mfairmanmh@addtoany.com
811,ajimsonmi,ajimsonmi@123,ddarbymi@boston.com
812,hlountmj,hlountmj@123,kboldingmj@wikipedia.org
813,lhuntingdonmk,lhuntingdonmk@123,ftilburymk@businessweek.com
814,fkoeppkeml,fkoeppkeml@123,daxworthyml@dailymail.co.uk
815,cloundsmm,cloundsmm@123,elattiemm@sohu.com
816,pcochmn,pcochmn@123,mbrinsfordmn@chron.com
817,ebaudetmo,ebaudetmo@123,nzecchimo@mapquest.com
818,mgreydonmp,mgreydonmp@123,llebbonmp@google.nl
819,qbromwichmq,qbromwichmq@123,rgorssemq@msn.com
820,nswansonmr,nswansonmr@123,ablackleymr@360.cn
821,lcregeenms,lcregeenms@123,dtrewms@mail.ru
822,acorkanmt,acorkanmt@123,hitzkovichmt@hibu.com
823,fsueromu,fsueromu@123,rconremu@harvard.edu
824,bcreganmv,bcreganmv@123,smyersmv@google.nl
825,cslatefordmw,cslatefordmw@123,natterburymw@fastcompany.com
826,fwhitewoodmx,fwhitewoodmx@123,ddericutmx@unesco.org
827,mkaesmansmy,mkaesmansmy@123,rskettmy@ustream.tv
828,gfrigotmz,gfrigotmz@123,sskellenmz@51.la
829,tmistryn0,tmistryn0@123,smacparlandn0@example.com
830,cwhaleyn1,cwhaleyn1@123,awhittockn1@tinyurl.com
831,stabouriern2,stabouriern2@123,graouxn2@dot.gov
832,cpolkinhornn3,cpolkinhornn3@123,nyettonn3@samsung.com
833,oblazdelln4,oblazdelln4@123,bgraylandn4@ucoz.com
834,gpitkeathlyn5,gpitkeathlyn5@123,jcarolinen5@chronoengine.com
835,cpocklingtonn6,cpocklingtonn6@123,rpoten6@shutterfly.com
836,spyettn7,spyettn7@123,dfeavyourn7@e-recht24.de
837,bchristiann8,bchristiann8@123,aashbrookn8@examiner.com
838,aboomn9,aboomn9@123,ehendriksn9@ox.ac.uk
839,bbeynonna,bbeynonna@123,kgollyna@narod.ru
840,geshelbynb,geshelbynb@123,cjarmainnb@hp.com
841,jdurantnc,jdurantnc@123,ejohnikinnc@cpanel.net
842,smckissacknd,smckissacknd@123,lbenwellnd@seattletimes.com
843,smcgilvaryne,smcgilvaryne@123,adudderidgene@yellowbook.com
844,rdulieunf,rdulieunf@123,jdellnf@tamu.edu
845,sdursleyng,sdursleyng@123,gclareng@engadget.com
846,adionsettonh,adionsettonh@123,psnelmannh@wordpress.com
847,hpavlikni,hpavlikni@123,srogezni@admin.ch
848,vanglessnj,vanglessnj@123,mfoskinnj@mashable.com
849,aglaisnernk,aglaisnernk@123,sdackombenk@sina.com.cn
850,mdecruzenl,mdecruzenl@123,cboschmannnl@va.gov
851,smullallynm,smullallynm@123,nbottlesonnm@miibeian.gov.cn
852,gsivyernn,gsivyernn@123,vbaudaccinn@merriam-webster.com
853,gdeightonno,gdeightonno@123,hwignallno@china.com.cn
854,aminesnp,aminesnp@123,ppaleynp@webeden.co.uk
855,tbeldonnq,tbeldonnq@123,bjaskowicznq@mtv.com
856,lhuxtablenr,lhuxtablenr@123,dmacdermandnr@state.tx.us
857,dreveleyns,dreveleyns@123,dlenouryns@tuttocitta.it
858,bconerdingnt,bconerdingnt@123,rnairnnt@patch.com
859,jbleythingnu,jbleythingnu@123,cbelmontnu@discovery.com
860,lfauningnv,lfauningnv@123,sbisterfeldnv@angelfire.com
861,cmelchiornw,cmelchiornw@123,abannisternw@kickstarter.com
862,mzanellinx,mzanellinx@123,dpalatininx@tripod.com
863,kogelsbyny,kogelsbyny@123,lslatefordny@1688.com
864,rlarchernz,rlarchernz@123,sskatchernz@taobao.com
865,blakeo0,blakeo0@123,jrubinowiczo0@live.com
866,ehuckeo1,ehuckeo1@123,vstanelando1@g.co
867,mstribblingo2,mstribblingo2@123,mcasellaso2@g.co
868,akarpo3,akarpo3@123,saishfordo3@hp.com
869,lcawseyo4,lcawseyo4@123,ivanhalleo4@csmonitor.com
870,kblinto5,kblinto5@123,aweemso5@ca.gov
871,cgawo6,cgawo6@123,owaino6@arizona.edu
872,hgrimbaldestono7,hgrimbaldestono7@123,wconvilleo7@census.gov
873,sskillo8,sskillo8@123,lskaseo8@php.net
874,cperrellio9,cperrellio9@123,tarmsdeno9@who.int
875,souryoa,souryoa@123,tglasgowoa@tinyurl.com
876,kvowellob,kvowellob@123,tbainbridgeob@paypal.com
877,schardinoc,schardinoc@123,kferraresioc@si.edu
878,rpurveysod,rpurveysod@123,acadwalladerod@opera.com
879,ggarlantoe,ggarlantoe@123,ckohnemannoe@washingtonpost.com
880,ksalesof,ksalesof@123,jcrateof@forbes.com
881,ffowlsog,ffowlsog@123,jflewinog@google.nl
882,hayliffoh,hayliffoh@123,pkochlinoh@livejournal.com
883,btidyoi,btidyoi@123,squineyoi@delicious.com
884,gmcilwainoj,gmcilwainoj@123,acrasswelloj@last.fm
885,kbarnardook,kbarnardook@123,nhargerieok@bing.com
886,hnorledgeol,hnorledgeol@123,rboydol@europa.eu
887,pdillowayom,pdillowayom@123,bmaasom@whitehouse.gov
888,mdeathon,mdeathon@123,tjacombon@posterous.com
889,tserchwelloo,tserchwelloo@123,mwandrachoo@arizona.edu
890,hnorwellop,hnorwellop@123,ekristofop@discovery.com
891,namorineoq,namorineoq@123,pbeasleighoq@boston.com
892,rcleverleyor,rcleverleyor@123,lelphor@ovh.net
893,chilleyos,chilleyos@123,lstreakos@hud.gov
894,plindermannot,plindermannot@123,estoltingot@a8.net
895,ksteensonou,ksteensonou@123,kschirakou@cam.ac.uk
896,ccumberledgeov,ccumberledgeov@123,mlightwoodov@about.com
897,efillgateow,efillgateow@123,veustaceow@people.com.cn
898,kantonucciox,kantonucciox@123,kchuterox@europa.eu
899,abenningoy,abenningoy@123,mbrameroy@printfriendly.com
900,deggleoz,deggleoz@123,ryardoz@census.gov
901,lpirozzip0,lpirozzip0@123,cdavenellp0@bluehost.com
902,kduiganp1,kduiganp1@123,dsnodinp1@drupal.org
903,nwoolfallp2,nwoolfallp2@123,cmirandap2@sun.com
904,ikubickip3,ikubickip3@123,rblackdenp3@t-online.de
905,ashilletop4,ashilletop4@123,wroonyp4@shareasale.com
906,blumbp5,blumbp5@123,jgrindleyp5@google.com.hk
907,droppp6,droppp6@123,apabelp6@sciencedirect.com
908,cdorotp7,cdorotp7@123,fmckyrrellyp7@t-online.de
909,rbadlandp8,rbadlandp8@123,daustwickp8@newsvine.com
910,ngillump9,ngillump9@123,cboolsp9@barnesandnoble.com
911,fakedpa,fakedpa@123,acabblepa@house.gov
912,rcabanepb,rcabanepb@123,jelsmorpb@vk.com
913,gvanellipc,gvanellipc@123,gfahertypc@sfgate.com
914,blillicrappd,blillicrappd@123,ephillippd@icio.us
915,tfersonpe,tfersonpe@123,ggodfraype@goo.ne.jp
916,cjirusekpf,cjirusekpf@123,edugdalepf@admin.ch
917,tgheorghiepg,tgheorghiepg@123,lmccluinpg@telegraph.co.uk
918,jgreenheadph,jgreenheadph@123,kedwardesph@sciencedirect.com
919,iengelbrechtpi,iengelbrechtpi@123,xrollingspi@wp.com
920,tbriatpj,tbriatpj@123,cgrebnerpj@census.gov
921,ckummerlowepk,ckummerlowepk@123,cconybearpk@scientificamerican.com
922,ayurkovpl,ayurkovpl@123,megarpl@si.edu
923,harborpm,harborpm@123,brhodefpm@4shared.com
924,khudsonpn,khudsonpn@123,cclemsonpn@live.com
925,bnozzoliipo,bnozzoliipo@123,nborerpo@163.com
926,hredierpp,hredierpp@123,ascanderetpp@yandex.ru
927,klegallopq,klegallopq@123,hroofepq@psu.edu
928,gbartelspr,gbartelspr@123,mcordinglypr@sogou.com
929,jcoadeps,jcoadeps@123,carthursps@xrea.com
930,mwhitterpt,mwhitterpt@123,ringilsonpt@foxnews.com
931,crowberrypu,crowberrypu@123,ohawsbypu@360.cn
932,grichpv,grichpv@123,glandorpv@slideshare.net
933,kglentworthpw,kglentworthpw@123,crikardpw@businessinsider.com
934,mcaigpx,mcaigpx@123,efolkerpx@epa.gov
935,kdivallpy,kdivallpy@123,qbishoppy@symantec.com
936,rfirpipz,rfirpipz@123,vhagyardpz@intel.com
937,cashnessq0,cashnessq0@123,ftrenbeyq0@bigcartel.com
938,tsymcockq1,tsymcockq1@123,jrafteryq1@buzzfeed.com
939,rseegerq2,rseegerq2@123,mscamwellq2@wired.com
940,jgainsburyq3,jgainsburyq3@123,mpycockq3@google.pl
941,ahubatschq4,ahubatschq4@123,hbeenhamq4@multiply.com
942,cruoffq5,cruoffq5@123,dclarsonq5@tiny.cc
943,owhitmanq6,owhitmanq6@123,nwassellq6@icio.us
944,lmilhenchq7,lmilhenchq7@123,ffrangoq7@msu.edu
945,bbuxeyq8,bbuxeyq8@123,dstreetingq8@marriott.com
946,jwhyborneq9,jwhyborneq9@123,lblackboroq9@tinyurl.com
947,lastillqa,lastillqa@123,lpettieqa@digg.com
948,dmcfarlaneqb,dmcfarlaneqb@123,wtwinberrowqb@comcast.net
949,okilbaneqc,okilbaneqc@123,fwimpressqc@nymag.com
950,broccoqd,broccoqd@123,hjerochqd@is.gd
951,jcharkqe,jcharkqe@123,tdootsonqe@aboutads.info
952,mkristiansenqf,mkristiansenqf@123,yjoisceqf@wisc.edu
953,slungqg,slungqg@123,asillqg@reuters.com
954,sbeaqh,sbeaqh@123,esnyderqh@dion.ne.jp
955,dkobaqi,dkobaqi@123,jfranzkeqi@meetup.com
956,bpercevalqj,bpercevalqj@123,acounihanqj@desdev.cn
957,phartusqk,phartusqk@123,tdiganqk@themeforest.net
958,sbulgerql,sbulgerql@123,ysignorelliql@tinypic.com
959,rskaceqm,rskaceqm@123,kcleaverqm@eepurl.com
960,rbuddingtonqn,rbuddingtonqn@123,cbabinqn@sciencedirect.com
961,mbalfourqo,mbalfourqo@123,jhaireqo@cam.ac.uk
962,ccuschieriqp,ccuschieriqp@123,doubridgeqp@telegraph.co.uk
963,cvogeleqq,cvogeleqq@123,odunsmuirqq@amazon.co.uk
964,trizzoneqr,trizzoneqr@123,awhinesqr@apple.com
965,aparlettqs,aparlettqs@123,lwoltmanqs@unblog.fr
966,lsheerinqt,lsheerinqt@123,gbrynsqt@ucsd.edu
967,eblamphinqu,eblamphinqu@123,rmyallqu@princeton.edu
968,fobeyqv,fobeyqv@123,llethabridgeqv@sogou.com
969,bfranzonelloqw,bfranzonelloqw@123,cdelacroixqw@parallels.com
970,qibbisonqx,qibbisonqx@123,awippermannqx@constantcontact.com
971,wkeelanqy,wkeelanqy@123,wbromheadqy@google.com
972,ealexsandrovqz,ealexsandrovqz@123,sbalfreqz@godaddy.com
973,ejannaschr0,ejannaschr0@123,mdewesr0@wordpress.org
974,mokennyr1,mokennyr1@123,aruberyr1@goo.ne.jp
975,dkeizmanr2,dkeizmanr2@123,pmoohanr2@jimdo.com
976,bwiggintonr3,bwiggintonr3@123,bmcgaviganr3@sakura.ne.jp
977,dhackforthr4,dhackforthr4@123,tmcgroryr4@unesco.org
978,rpannamanr5,rpannamanr5@123,mhubertr5@geocities.jp
979,ghumblesr6,ghumblesr6@123,bnonor6@blogger.com
980,gflanner7,gflanner7@123,coboyr7@uiuc.edu
981,moldeyr8,moldeyr8@123,lfarishr8@uol.com.br
982,bbellefonter9,bbellefonter9@123,wcrosettor9@yandex.ru
983,msissonsra,msissonsra@123,agreatbatchra@w3.org
984,pmacelroyrb,pmacelroyrb@123,gbellisonrb@liveinternet.ru
985,btaffarellorc,btaffarellorc@123,dfairbardrc@t-online.de
986,gillistonrd,gillistonrd@123,feisigrd@webmd.com
987,aplaidre,aplaidre@123,dbeachamre@themeforest.net
988,kmckanerf,kmckanerf@123,dsemechikrf@hc360.com
989,vbowkerrg,vbowkerrg@123,dwaightrg@gizmodo.com
990,lstrephanrh,lstrephanrh@123,mbuttreyrh@friendfeed.com
991,droomeri,droomeri@123,mwyseri@cyberchimps.com
992,mbroadheadrj,mbroadheadrj@123,adaybellrj@about.com
993,kdooganrk,kdooganrk@123,pcurromrk@so-net.ne.jp
994,mnationrl,mnationrl@123,jmeltetalrl@123-reg.co.uk
995,tnanettirm,tnanettirm@123,rwellrm@fastcompany.com
996,itomensonrn,itomensonrn@123,sphantrn@house.gov
997,lcookmanro,lcookmanro@123,pchrystiero@paginegialle.it
998,hbartolinirp,hbartolinirp@123,ytrenemanrp@netvibes.com
999,jbousteadrq,jbousteadrq@123,sromanetrq@github.io
1000,vgonouderr,vgonouderr@123,kbrownerr@facebook.com